{"cameraMode":{"drawMode":0,"name":"Shaded","section":"Shading Mode"},"sceneLighting":false,"audioPlay":false,"sceneViewState":{"m_AlwaysRefresh":false,"showFog":true,"showSkybox":false,"showFlares":true,"showImageEffects":true,"showParticleSystems":true,"showVisualEffectGraphs":true,"m_FxEnabled":true},"in2DMode":false,"pivot":{"x":8.143494606018067,"y":1.4162776470184327,"z":-0.03503608703613281},"rotation":{"x":0.02518734708428383,"y":0.004346038214862347,"z":0.00010974257020279765,"w":-0.9996718764305115},"size":1.9197876453399659,"orthographic":false}